<?xml version="1.0" encoding="UTF-8"?>
<beans xmlns="http://www.springframework.org/schema/beans"
	xmlns:xsi="http://www.w3.org/2001/XMLSchema-instance"
	xmlns:context="http://www.springframework.org/schema/context"
	xmlns:mvc="http://www.springframework.org/schema/mvc"
	xmlns:tx="http://www.springframework.org/schema/tx"
	xmlns:aop="http://www.springframework.org/schema/aop"
	xsi:schemaLocation="http://www.springframework.org/schema/beans 
	    http://www.springframework.org/schema/beans/spring-beans-4.1.xsd
        http://www.springframework.org/schema/context 
        http://www.springframework.org/schema/context/spring-context-4.1.xsd
        http://www.springframework.org/schema/mvc 
        http://www.springframework.org/schema/mvc/spring-mvc-4.1.xsd
        http://www.springframework.org/schema/tx
        http://www.springframework.org/schema/tx/spring-tx-4.1.xsd
        http://www.springframework.org/schema/aop
        http://www.springframework.org/schema/aop/spring-aop-4.1.xsd">

  <!-- spring的容器不扫控制器 -->
   <context:component-scan base-package="com.coderjin.ssm">
   <context:exclude-filter type="annotation" expression="org.springframework.stereotype.Controller"/>
   </context:component-scan>
	<context:property-placeholder
		location="classpath:jdbc.properties"></context:property-placeholder>

	<bean id="pooledDataSource"
		class="com.mchange.v2.c3p0.ComboPooledDataSource">
		<property name="jdbcUrl" value="${jdbc.url}"></property>
		<property name="driverClass" value="${jdbc.driverClassName}"></property>
		<property name="user" value="${jdbc.username}"></property>
		<property name="password" value="${jdbc.password}"></property>
	</bean>
	
	
	
	<!-- 配置和MyBatis的整合 -->
	<bean id="sqlSessionFactory" class="org.mybatis.spring.SqlSessionFactoryBean" >
	 <!-- 指定mybatis的全局配置文件的位置 -->
	 <property name="configLocation" value="classpath:mybatis-config.xml"></property>
	 <property name="dataSource" ref="pooledDataSource"></property>
	 <!--指定mybatis.mapper文件位置 -->
	 <property name="mapperLocations" value="classpath:mapper/*.xml"></property>
	</bean>
	<!-- 可以执行批量操作的sqlSession -->
	<bean id="sqlSession" class="org.mybatis.spring.SqlSessionTemplate">
	 <constructor-arg name="sqlSessionFactory" ref="sqlSessionFactory"></constructor-arg>
	 <constructor-arg name="executorType" value="BATCH"></constructor-arg>
	</bean>
	
     <!-- 配置扫描器：将mybatis接口的实现加入到ioc控制中 -->
   <bean class="org.mybatis.spring.mapper.MapperScannerConfigurer">
   <!-- 扫描所有dao的接口，加入ioc容器中 -->
   <property name="basePackage" value="com.coderjin.ssm.crud.dao"></property>
   </bean>
   
   
   
    <!-- 事务控制器的配置 -->
    <bean id="transactionManager" class="org.springframework.jdbc.datasource.DataSourceTransactionManager">
    <!-- 控制数据源 -->
     <property name="dataSource" ref="pooledDataSource"></property>
    </bean>
    
    <!-- 开启基于注解的实物 -->
    <aop:config>
    <!-- 切入点表达式 -->
    <aop:pointcut expression="execution(* com.coderjin.ssm.crud.service..*(..))" id="txPoint"/>
    <!-- 配置事务增强 -->
    <aop:advisor advice-ref="txAdvice" pointcut-ref="txPoint"/>
    </aop:config>
    
    <!-- 配置事务增强 事务如何切入 -->
	<tx:advice id="txAdvice" transaction-manager="transactionManager">
		<tx:attributes>
			<!-- 传播行为 -->
			<tx:method name="*"/>
			<tx:method name="get*" read-only="true" />
		</tx:attributes>
	</tx:advice>
	
	<!-- spring配置文件的核心点（数据源） -->
    
</beans>