<?xml version="1.0" encoding="UTF-8" ?>
<!DOCTYPE configuration
		PUBLIC "-//mybatis.org//DTD Config 3.0//EN"
		"http://mybatis.org/dtd/mybatis-3-config.dtd">
<configuration>
	<settings>
		<setting name="mapUnderscoreToCamelCase" value="true" />
	</settings>

	<typeAliases>
		<package name="com.coderjin.ssm.crud.bean" />
	</typeAliases>

	<plugins>
		<plugin interceptor="com.github.pagehelper.PageInterceptor">
		<!-- 分页合理化参数 -->
		<property name="reasonable" value="true"/>
		</plugin>
	</plugins>

</configuration>